name,cuisine_type,rating,review_count,price_level,reddit_mentions,reddit_score,subreddits,sample_post
Allen Street Grill,American,4.3,357,2.0,0,0,,
The Corner Room,American,4.3,1548,2.0,2,21,PennStateUniversity,Nice bar restaurants downtown?
The Tavern,American,4.2,848,2.0,0,0,,
Wings Over Happy Valley,American,4.1,473,2.0,0,0,,
Subway,Sandwiches,3.8,88,1.0,0,0,,
Cafe 210 West,Breakfast & Cafe,3.9,652,1.0,0,0,,
The Waffle Shop Downtown,Breakfast,4.3,686,1.0,0,0,,
Chipotle Mexican Grill,Mexican,3.6,724,1.0,0,0,,
Cozy Thai Bistro,Bistro,4.3,811,2.0,0,0,,
Green Bowl,Asian Fusion,4.2,523,2.0,1,9,PennStateUniversity,State College insider tips
Phyrst,Bar & Pub,3.9,476,1.0,1,24,PennStateUniversity,What is the hype behind Pickles?
Webster's Bookstore Cafe,Breakfast & Cafe,4.7,735,1.0,0,0,,
India Pavilion,Indian,4.4,1275,2.0,1,56,PennStateUniversity,Why is the State College restaurant scene so bad?
Dunkin',Breakfast & Cafe,3.8,289,1.0,0,0,,
Panera Bread,Bakery,4.0,581,2.0,0,0,,
Subway,Sandwiches,4.1,108,1.0,0,0,,
D.P. Dough,Late Night Snacks,3.7,425,1.0,0,0,,
Starbucks Coffee Company,Breakfast & Cafe,4.3,367,2.0,0,0,,
Faccia Luna Pizzeria,Pizza,4.4,1224,2.0,0,0,,
Monte Pizza & Wings,Pizza,4.2,222,1.0,0,0,,
Pho 11 Vietnamese Restaurant,Vietnamese,4.2,430,2.0,0,0,,
Local Whiskey,American,4.4,992,2.0,0,0,,
Champs Downtown,American,4.1,1223,2.0,0,0,,
Kondu,Asian Fusion,4.3,237,2.0,0,0,,
Irvings Bagels,Breakfast & Cafe,4.2,596,1.0,0,0,,
Federal Taphouse,American,4.0,1166,2.0,1,56,PennStateUniversity,Why is the State College restaurant scene so bad?
Canyon Pizza,Pizza,3.9,503,1.0,1,14,PennStateUniversity,How would you feel about a quicker morning breakfast/late night breakfast food place in downtown sta
Tadashi Japanese Restaurant,Japanese,4.5,923,2.0,0,0,,
Little Szechuan,Chinese,4.4,938,2.0,1,56,PennStateUniversity,Why is the State College restaurant scene so bad?
Primanti Bros. Restaurant and Bar,American,4.1,1153,1.0,0,0,,
Sbarro,Fast Food,3.5,60,1.0,0,0,,
Hibachi-San,Japanese,2.9,42,2.0,0,0,,
McAlister's Deli,Sandwiches,4.3,29,2.0,0,0,,
Big Bowl Noodle House,Asian Fusion,4.6,748,1.0,0,0,,
Tokyo Sushi & Hibachi,Japanese,4.3,292,1.0,0,0,,
Pollock Commons,Campus Dining,4.4,125,,2,217,PennStateUniversity,PSU Spinach
Five Guys,American,4.2,607,2.0,1,19,PennStateUniversity,Why no sidewalk food vendors before Homecoming Parade?
Masala Palace,Indian,4.2,417,2.0,0,0,,
Uncle Chen's,Chinese,3.7,430,1.0,0,0,,
Domino's Pizza,Pizza,3.0,260,1.0,0,0,,
Yummy Cafe,Breakfast & Cafe,4.1,142,2.0,0,0,,
Burger King,American,3.9,54,1.0,0,0,,
Beijing Restaurant,Chinese,3.5,106,1.0,0,0,,
Brother's Pizza,Pizza,3.2,188,2.0,0,0,,
Pita Cabana Grill,Mediterranean,4.2,368,1.0,0,0,,
Panda Express,Chinese,3.9,239,1.0,0,0,,
Zen Wings and Things,American,2.4,66,1.0,1,23,PennStateUniversity,PSA: Don’t eat Zen wings and Things
Sharkies Bar & Thrifty Bottle,Bar & Pub,4.2,224,1.0,0,0,,
Fiddlehead,American,4.3,198,2.0,0,0,,
Margarita's Pizzeria,Pizza,4.7,243,1.0,0,0,,
Penn Kebab,Halal/Middle Eastern,4.5,317,1.0,0,0,,
Subway,Sandwiches,3.8,21,1.0,0,0,,
Triplett's,American,4.5,213,2.0,0,0,,
Osaka,Japanese,3.1,70,2.0,0,0,,
Famous Ernie's Steaks,Sandwiches,3.5,47,,0,0,,
Lionne & 1855 Lounge,American,4.3,139,,0,0,,
Sichuan House,Chinese,3.5,46,2.0,0,0,,
Sher Hot Chicken,American,4.3,119,,0,0,,
OLD GOLD PIZZA,Pizza,,0,,0,0,,
Brothers Bar & Grill,American,4.7,707,1.0,0,0,,
Subway,Sandwiches,3.6,71,1.0,0,0,,
Papa Johns Pizza,Pizza,3.7,237,1.0,0,0,,
Sakura,Japanese,4.2,444,2.0,0,0,,
McDonald's,Fast Food,3.5,879,1.0,0,0,,
Plaza Mexican Bar & Grill,Mexican,4.5,2084,2.0,0,0,,
The Bistro - Eat. Drink. Connect.®,Bistro,4.4,5,,0,0,,
The Honey Baked Ham Company,Deli & Specialty,4.6,122,2.0,0,0,,
Rothrock Coffee,Breakfast & Cafe,4.6,330,2.0,1,63,PennStateUniversity,General tips and advice on stuff to do at PSU
Dunkin',Breakfast & Cafe,4.0,341,1.0,0,0,,
Taco Bell,Mexican,3.6,683,1.0,0,0,,
Jersey Mike's Subs,Sandwiches,4.5,281,1.0,0,0,,
Celebrities,Bar & Pub,3.5,19,,1,7,PennStateUniversity,Celebrities Bar &amp; Grill
KFC,Fast Food,3.2,554,1.0,0,0,,
Lychee Chinese Restaurant,Chinese,4.2,234,1.0,0,0,,
Sheetz,American,4.2,385,1.0,1,23,PennStateUniversity,Sheetz is opening a restaurant and bottleshop downtown near the Pugh St. garage
Chipotle Mexican Grill,Mexican,5.0,2,,0,0,,
Kitchen Garden,Mediterranean,4.7,188,,0,0,,
Pizza Hut,Pizza,3.7,24,1.0,0,0,,
Toasted Bagel Café,Breakfast & Cafe,4.5,379,1.0,0,0,,
Fatoum Bistro,Bistro,4.7,127,,0,0,,
Manna BBQ and Hotpot,Asian Fusion,3.6,14,,0,0,,
CLUCK & CATCH,American,4.6,92,2.0,0,0,,
Subway,Sandwiches,3.6,100,1.0,0,0,,
Champs Sports Grill,American,4.2,1918,2.0,0,0,,
Fuji Jade Garden & My Thai,Thai,3.6,673,2.0,0,0,,
The Original Waffle Shop North,Breakfast,4.7,1915,1.0,0,0,,
Sheetz,American,3.7,87,1.0,1,23,PennStateUniversity,Sheetz is opening a restaurant and bottleshop downtown near the Pugh St. garage
Subway,Sandwiches,3.7,75,1.0,0,0,,
Domino's Pizza,Pizza,4.1,295,1.0,0,0,,
My Thai,Thai,3.6,270,2.0,0,0,,
Dunkin',Breakfast & Cafe,3.8,472,1.0,0,0,,
Arena Bar & Grill,American,3.9,251,1.0,0,0,,
Rita's Italian Ice & Frozen Custard,Dessert,3.8,102,1.0,0,0,,
Hoss's Steak & Sea House,American,4.2,1165,2.0,0,0,,
Panera Bread,Bakery,4.0,926,2.0,0,0,,
Red Lobster,Seafood,4.1,1308,2.0,0,0,,
Dairy Queen Grill & Chill,Fast Food,4.1,807,1.0,0,0,,
Moe's Southwest Grill,Mexican,4.2,557,1.0,0,0,,
McDonald's,Fast Food,3.5,1544,1.0,0,0,,
Brothers Pizza,Pizza,4.0,265,1.0,0,0,,
Wendy's,Fast Food,3.5,1215,1.0,0,0,,
The Greek,Mediterranean,4.5,580,2.0,0,0,,
CC Peppers,American,4.0,343,,0,0,,
Penang Asian Fusion Cuisine,Asian Fusion,3.7,172,2.0,0,0,,
Hibachi at MY THIA,Japanese,,0,,0,0,,
Suzie Wong's Egg Roll & More,Asian Fusion,4.3,3,,0,0,,
Marzoni’s Brick Oven & Brewing Co.,Pizza,4.2,299,2.0,0,0,,
GuDong Hot Pot Delivery,Chinese,4.5,31,1.0,0,0,,
Fire & Fig Grill,Mediterranean,4.2,40,,0,0,,
700 Degree Pizza,Pizza,4.6,7,,0,0,,
College Buffet,Chinese,3.2,270,,0,0,,
Chipotle Mexican Grill,Mexican,3.1,527,1.0,0,0,,
Panda Express,Chinese,3.8,621,1.0,0,0,,
The Original Waffle Shop West,Breakfast,4.7,1795,1.0,0,0,,
HiWay Pizza Pub,Pizza,4.1,517,2.0,0,0,,
Fatema's Kitchen,Halal/Middle Eastern,4.8,37,,0,0,,
Tadashi Japanese Restaurant,Japanese,4.2,423,,0,0,,
Trophy Room,American,4.6,9,,0,0,,
POKE & NOODLE BOWL,Asian Fusion,4.1,36,2.0,0,0,,
Panera Bread,Bakery,3.0,25,2.0,0,0,,
Lupitas Authentic Mexican Food,Mexican,4.4,245,1.0,0,0,,
Chill Out Hookah Lounge,Bar,4.9,55,1.0,0,0,,
Cafe Laura,Breakfast & Cafe,4.3,16,,0,0,,
Big Dean's Hot Chicken,American,4.2,235,1.0,0,0,,
Susie's Tacos,Mexican,4.8,16,,0,0,,
Bagel Crust,Breakfast & Cafe,4.1,57,,1,14,statecollege,Suggestions for vegetarians
Fuego Grill,Halal/Middle Eastern,5.0,49,,0,0,,
Coffee Hemp & Tea,Breakfast & Cafe,4.8,25,,0,0,,
Benny Leone's Pizza,Pizza,4.6,69,,0,0,,
Snap Custom Pizza,Pizza,4.4,615,1.0,0,0,,
Juana's Venezuelan Cuisine,Venezuelan,4.8,250,2.0,0,0,,
Penn Pide Halal Brothers,Halal,4.4,306,1.0,0,0,,
Allen Street Pizza,Pizza,4.8,465,1.0,0,0,,
Sauly Boy's,American,4.2,368,2.0,1,67,PennStateUniversity,State College Food Specials! Trying to get the most bang for your buck!
Chick 2,American,4.2,108,2.0,0,0,,
Dagu Rice Noodle 大鼓米线,Chinese,4.5,23,,0,0,,
Playa Bowls,Bowls & Healthy,4.7,449,2.0,0,0,,
Big Chicken,American,3.7,57,,0,0,,
Pho Mi Now,Vietnamese,4.9,8,2.0,0,0,,
Teadori,Asian Fusion,4.7,116,1.0,0,0,,
Cafe Alina,Breakfast & Cafe,4.7,861,2.0,0,0,,
Mosul Grill,Halal/Middle Eastern,4.6,74,,0,0,,
Penn State Halal Guys,Halal,4.8,205,2.0,0,0,,
Sowers Harvest Café,American,4.9,868,1.0,0,0,,
Bistrozine,Bistro,4.6,259,2.0,0,0,,
